INDICATOR_ID,COUNTRY_ID,YEAR,VALUE,MAGNITUDE,QUALIFIER
700146,ARM,2014,10629,,
700146,ARM,2015,5344.85588,,
700146,AUT,2014,55300,,
700146,AUT,2015,58600,,
700146,BEL,2014,44050,,
700146,BEL,2015,51110,,
700146,BGR,2014,29400,,
700146,BGR,2015,29900,,
700146,BIH,2014,8946,,
700146,BIH,2015,7330.99277,LOWREL,
700146,BMU,2010,277,,
700146,BOL,2011,51725,,
700146,BOL,2015,74974,,
700146,BRA,2013,791082,,
700146,BRN,2014,1367.28181,,
700146,CAN,2015,218200,,
700146,CHE,2014,55461,,
700146,CHL,2013,33173,,
700146,CPV,2015,1242,,
700146,CRI,2015,10036,,
700146,CYM,2016,302,,
700146,CZE,2014,49655,,
700146,CZE,2015,71671,,
700146,DEU,2015,508800,,
700146,DNK,2013,14374,,
700146,DNK,2014,15344.10000,,
700146,DOM,2013,3292,,
700146,ECU,2013,0,LOWREL,
700146,ECU,2015,59990.90600,,
700146,ESP,2014,290606,,
700146,ESP,2015,299200,,
700146,EST,2014,12864,,
700146,EST,2015,14579,,
700146,FIN,2014,56400,,
700146,FIN,2015,69629,,
700146,FRA,2014,322570,,
700146,FRA,2015,307551,,
700146,GHA,2014,83479,,
700146,GRC,2015,37100,,
700146,HND,2010,9606,,
700146,HND,2015,13501.86445,,
700146,HRV,2015,38183,,
700146,HUN,2014,49203,,
700146,HUN,2015,52851,,
700146,ISL,2015,5200,,
700146,ISR,2014,60898,,
700146,ITA,2014,242187,,
700146,ITA,2015,254938,,
700146,KOR,2014,407000,,
700146,KOR,2015,419000,,
700146,LKA,2015,43229.23238,,
700146,LTU,2014,19482,,
700146,LTU,2015,17722,,
700146,LUX,2014,3336,,
700146,LUX,2015,2036,,
700146,LVA,2014,14200,,
700146,LVA,2015,16000,,
700146,MAC,2014,4000,,
700146,MAC,2015,4000,,
700146,MDA,2014,5605,,
700146,MDA,2015,9499,,
700146,MDV,2014,2321,,
700146,MEX,2014,759557,,
700146,MEX,2015,750974,,
700146,MKD,2014,5405.52000,,
700146,MKD,2015,5011,,
700146,MLI,2014,84419.66282,,
700146,MLI,2015,79584,,
700146,MLT,2014,3239,,
700146,MLT,2015,3190,,
700146,MNG,2014,7796,,
700146,MOZ,2014,7646,,
700146,MYS,2014,64400,,
700146,MYS,2015,69400,,
700146,NIC,2009,7266,,
700146,NLD,2014,109000,,
700146,NLD,2015,110000,,
700146,PAK,2014,231655,,
700146,PAK,2015,283323,,
700146,PAN,2013,11078,,
700146,PAN,2016,9197,,
700146,PER,2013,53077,,
700146,PHL,2014,186246,,
700146,PHL,2015,185003,,
700146,PRI,2014,15418,,
700146,PRI,2015,2932.20000,,
700146,PRT,2014,33253.14788,,
700146,PRT,2015,35994.52625,,
700146,PRY,2010,11611,,
700146,PSE,2014,4600,,
700146,PSE,2015,5000,,
700146,ROU,2014,31251,,
700146,ROU,2015,35434,,
700146,RUS,2014,1119474,,
700146,SLV,2013,1706,,
700146,SRB,2014,37142.97261,,
700146,SRB,2015,32097.15360,,
700146,SVK,2014,21200,,
700146,SVK,2015,21800,,
700146,SWE,2014,81600,,
700146,SWE,2015,80463.50000,,
700146,SXM,2013,22.43760,,
700146,SYC,2012,0,NA,
700146,TGO,2015,7474,,
700146,THA,2014,324399,,
700146,THA,2015,339741.93040,,
700146,TUR,2014,248921,,
700146,TUR,2015,279844.43400,,
700146,UGA,2012,23012,,
700146,URY,2013,1859,,
700146,VNM,2014,206800,,
700146,VNM,2015,203000,,
700147,ARM,2014,36958,,
700147,ARM,2015,35303.25728,,
700147,AUT,2014,86700,,
700147,AUT,2015,89900,,
700147,BEL,2014,109984,,
700147,BEL,2015,109657,,
700147,BGR,2014,96000,,
700147,BGR,2015,100500,,
700147,BIH,2014,32351,,
700147,BIH,2015,28519.31667,,
700147,BMU,2010,760,,
700147,BOL,2011,157184,,
700147,BOL,2015,248851,,
700147,BRA,2013,3383681,,
700147,BRN,2014,9054.35789,,
700147,CAN,2015,476700,,
700147,CHE,2014,188337,,
700147,CHL,2013,281088,,
700147,CPV,2015,4387,,
700147,CRI,2015,64346,,
700147,CYM,2016,653,,
700147,CZE,2014,121696,,
700147,CZE,2015,126728,,
700147,DEU,2015,1159300,,
700147,DNK,2013,41700,,
700147,DNK,2014,41752.82000,,
700147,DOM,2013,81320,,
700147,ECU,2013,50621,,
700147,ECU,2015,269259.50000,,
700147,ESP,2014,258577,,
700147,ESP,2015,277900,,
700147,EST,2014,14929,,
700147,EST,2015,15927,,
700147,FIN,2014,92000,,
700147,FIN,2015,83221,,
700147,FRA,2014,480733,,
700147,FRA,2015,474566,,
700147,GHA,2014,457751,,
700147,GRC,2015,87100,,
700147,HND,2010,99126,,
700147,HND,2015,125962.06460,,
700147,HRV,2015,27741,,
700147,HUN,2014,90126,,
700147,HUN,2015,92827,,
700147,ISL,2015,3200,,
700147,ISR,2014,78747,,
700147,ITA,2014,660494,,
700147,ITA,2015,644172,,
700147,KOR,2014,1326000,,
700147,KOR,2015,1370000,,
700147,LKA,2015,454310.23004,,
700147,LTU,2014,31447,,
700147,LTU,2015,39197,,
700147,LUX,2014,9034,,
700147,LUX,2015,8225,,
700147,LVA,2014,34700,,
700147,LVA,2015,31500,,
700147,MAC,2014,3700,,
700147,MAC,2015,3400,,
700147,MDA,2014,39739,,
700147,MDA,2015,40838,,
700147,MDV,2014,10843,,
700147,MEX,2014,1431547,,
700147,MEX,2015,1552546,,
700147,MKD,2014,26281,,
700147,MKD,2015,25306,,
700147,MLI,2014,24503.77358,,
700147,MLI,2015,200159,,
700147,MLT,2014,7482,,
700147,MLT,2015,4845,,
700147,MNG,2014,27206,,
700147,MNG,2015,52788,,
700147,MOZ,2014,144985,,
700147,MYS,2014,272600,,
700147,MYS,2015,337400,,
700147,NIC,2009,57786,,
700147,NLD,2014,224000,,
700147,NLD,2015,221000,,
700147,PAK,2014,3141583,,
700147,PAK,2015,3499109,,
700147,PAN,2013,70367,,
700147,PAN,2016,70890,,
700147,PER,2013,587692,,
700147,PHL,2014,651514,,
700147,PHL,2015,628298,,
700147,PRI,2014,10976,,
700147,PRI,2015,27108.55000,,
700147,PRT,2014,153042.34678,,
700147,PRT,2015,150030.17702,,
700147,PRY,2010,125380,,
700147,PSE,2014,3400,,
700147,PSE,2015,2500,,
700147,ROU,2014,289476,,
700147,ROU,2015,272168,,
700147,RUS,2014,2774761,,
700147,SLV,2013,13856,,
700147,SRB,2014,71517.14028,,
700147,SRB,2015,74784.57348,,
700147,SVK,2014,70500,,
700147,SVK,2015,66300,,
700147,SWE,2014,102995,,
700147,SWE,2015,104595.50000,,
700147,SXM,2013,448,,
700147,SYC,2012,0,NA,
700147,TGO,2015,131539,,
700147,THA,2014,1078411,,
700147,THA,2015,1063575.43410,,
700147,TUR,2014,936078,,
700147,TUR,2015,916021.47500,,
700147,UGA,2012,206517.41000,,
700147,URY,2013,20252,,
700147,VNM,2014,2344200,,
700147,VNM,2015,2228700,,
700148,AGO,2014,57465.40800,,
700148,ARM,2014,47587,,
700148,ARM,2015,40648.11316,,
700148,AUT,2014,142000,,
700148,AUT,2015,148500,,
700148,BEL,2014,154034,,
700148,BEL,2015,160767,,
700148,BGR,2014,125400,,
700148,BGR,2015,130400,,
700148,BIH,2014,41297,,
700148,BIH,2015,35850.30944,,
700148,BMU,2010,1037,,
700148,BOL,2011,208909,,
700148,BOL,2015,323825,,
700148,BRA,2013,4174763,,
700148,BRN,2014,10421.63971,,
700148,CAN,2015,694900,,
700148,CHE,2014,243798,,
700148,CHL,2013,314261,,
700148,CHL,2016,296106.15465,,
700148,CPV,2015,5629,,
700148,CRI,2015,74382,,
700148,CYM,2016,955,,
700148,CYP,2014,10888,,
700148,CYP,2015,10926,,
700148,CZE,2014,171351,,
700148,CZE,2015,198399,,
700148,DEU,2014,1636600,,
700148,DEU,2015,1668100,,
700148,DNK,2013,56074,,
700148,DNK,2014,57097,,
700148,DOM,2013,84612,,
700148,ECU,2013,50621,,
700148,ECU,2015,329250.40600,,
700148,ESP,2014,549183,,
700148,ESP,2015,577100,,
700148,EST,2014,27793,,
700148,EST,2015,30506,,
700148,FIN,2014,148400,,
700148,FIN,2015,152850,,
700148,FRA,2014,803303,,
700148,FRA,2015,782117,,
700148,GHA,2014,541230,,
700148,GRC,2015,124200,,
700148,HND,2010,108732,,
700148,HND,2015,139463.92905,,
700148,HRV,2015,65924,,
700148,HUN,2014,139329,,
700148,HUN,2015,145678,,
700148,ISL,2015,8400,,
700148,ISR,2014,139646,,
700148,ITA,2014,902681,,
700148,ITA,2015,899110,,
700148,KOR,2014,1733000,,
700148,KOR,2015,1789000,,
700148,LKA,2015,497539.46242,,
700148,LTU,2014,50929,,
700148,LTU,2015,56919,,
700148,LUX,2014,12370,,
700148,LUX,2015,10261,,
700148,LVA,2014,48900,,
700148,LVA,2015,47500,,
700148,MAC,2014,7700,,
700148,MAC,2015,7400,,
700148,MDA,2014,45344,,
700148,MDA,2015,50337,,
700148,MDV,2014,13164,,
700148,MEX,2014,2191104,,
700148,MEX,2015,2303520,,
700148,MKD,2014,31686.52000,,
700148,MKD,2015,30317,,
700148,MLI,2014,108923.43640,,
700148,MLI,2015,279743,,
700148,MLT,2014,10721,,
700148,MLT,2015,8035,,
700148,MNG,2014,35002,,
700148,MNG,2015,62634,,
700148,MOZ,2014,152631,,
700148,MYS,2014,337000,,
700148,MYS,2015,406800,,
700148,NIC,2009,65052,,
700148,NLD,2014,333000,,
700148,NLD,2015,331000,,
700148,PAK,2014,3373238,,
700148,PAK,2015,3782432,,
700148,PAN,2013,81445,,
700148,PAN,2016,80087,,
700148,PER,2013,640769,,
700148,PHL,2014,837760,,
700148,PHL,2015,813301,,
700148,PRI,2014,26394,,
700148,PRI,2015,30040.75000,,
700148,PRT,2014,186295.49467,,
700148,PRT,2015,186024.70327,,
700148,PRY,2010,136991,,
700148,PSE,2014,8000,,
700148,PSE,2015,7500,,
700148,ROU,2014,320727,,
700148,ROU,2015,307602,,
700148,RUS,2014,3894235,,
700148,SLV,2013,15562,,
700148,SRB,2014,108660.11290,,
700148,SRB,2015,106881.72708,,
700148,SVK,2014,91700,,
700148,SVK,2015,88100,,
700148,SVN,2014,42440,,
700148,SVN,2015,43806,,
700148,SVN,2016,45736,,
700148,SWE,2014,184595,,
700148,SWE,2015,185059,,
700148,SXM,2013,470,,
700148,SYC,2012,0,NA,
700148,TGO,2015,139013,,
700148,THA,2014,1402810,,
700148,THA,2015,1403317.36450,,
700148,TUR,2014,1184998,,
700148,TUR,2015,1195865.90900,,
700148,UGA,2012,229529.41000,,
700148,URY,2013,22111,,
700148,VNM,2014,2551000,,
700148,VNM,2015,2431700,,
700148,ZAF,2014,383746.80801,,
700149,ARM,2014,74222,,
700149,ARM,2015,14171.57419,,
700149,AUT,2014,59000,,
700149,AUT,2015,58000,,
700149,BEL,2014,72990,,
700149,BEL,2015,67288,,
700149,BGR,2014,29900,,
700149,BGR,2015,35400,,
700149,BIH,2014,28906,,
700149,BIH,2015,25314.47818,,
700149,BMU,2010,911,,
700149,BOL,2011,55027,,
700149,BOL,2015,109621,,
700149,BRN,2014,3101.30754,,
700149,CAN,2015,331200,,
700149,CHE,2014,85768,,
700149,CHL,2013,107826,,
700149,CPV,2015,947,,
700149,CRI,2015,26524,,
700149,CYM,2016,731,,
700149,CZE,2014,80942,,
700149,CZE,2015,71917,,
700149,DEU,2015,1186900,,
700149,DNK,2013,52401,,
700149,DNK,2014,51990.45000,,
700149,DOM,2013,21601,,
700149,ECU,2013,4198,,
700149,ECU,2015,122753.20000,,
700149,ESP,2014,226010,,
700149,ESP,2015,235300,,
700149,EST,2014,14475,,
700149,EST,2015,16092,,
700149,FIN,2014,51200,,
700149,FIN,2015,56769,,
700149,FRA,2014,350748,,
700149,FRA,2015,341638,,
700149,GHA,2014,191936,,
700149,GRC,2015,43500,,
700149,HND,2010,28605,,
700149,HND,2015,85265.11400,,
700149,HRV,2015,51575,,
700149,HUN,2014,50220,,
700149,HUN,2015,56615,,
700149,ISL,2015,6400,,
700149,ISR,2014,49446,,
700149,ITA,2014,293606,,
700149,ITA,2015,285384,,
700149,KOR,2014,311000,,
700149,KOR,2015,310000,,
700149,LKA,2015,57073.49324,,
700149,LTU,2014,21059,,
700149,LTU,2015,22013,,
700149,LUX,2014,3968,,
700149,LUX,2015,4056,,
700149,LVA,2014,25900,,
700149,LVA,2015,23000,,
700149,MAC,2014,8700,,
700149,MAC,2015,9100,,
700149,MDA,2014,9411,,
700149,MDA,2015,7271,,
700149,MDV,2014,2460,,
700149,MEX,2014,2636903,,
700149,MEX,2015,2705991,,
700149,MKD,2014,6810.40000,,
700149,MKD,2015,5817,,
700149,MLI,2014,70121.95018,,
700149,MLI,2015,60882,,
700149,MLT,2014,5778,,
700149,MLT,2015,4461,,
700149,MNG,2014,8340,,
700149,MNG,2015,21049,,
700149,MOZ,2014,13182,,
700149,MYS,2014,112500,,
700149,MYS,2015,120800,,
700149,NIC,2009,9985,,
700149,NLD,2014,122000,,
700149,NLD,2015,128000,,
700149,PAK,2014,379997,,
700149,PAK,2015,440945,,
700149,PAN,2013,9405,,
700149,PAN,2016,8165,,
700149,PER,2013,144490,,
700149,PHL,2014,291210,,
700149,PHL,2015,309607,,
700149,PRI,2014,16444,,
700149,PRI,2015,22317.45000,,
700149,PRT,2014,79094.39928,,
700149,PRT,2015,89913.77568,,
700149,PRY,2010,20493,,
700149,PSE,2014,11300,,
700149,PSE,2015,17100,,
700149,ROU,2014,59988,,
700149,ROU,2015,51627,,
700149,RUS,2014,1539981,,
700149,SLV,2013,18948,,
700149,SRB,2014,47704.59955,,
700149,SRB,2015,39270.11927,,
700149,SVK,2014,20700,,
700149,SVK,2015,19200,,
700149,SWE,2014,75200,,
700149,SWE,2015,78531.50000,,
700149,SXM,2013,183.41120,,
700149,SYC,2012,0,NA,
700149,TGO,2015,9687,,
700149,THA,2014,350890,,
700149,THA,2015,332614.91090,,
700149,TUR,2014,442088,,
700149,TUR,2015,468658.10600,,
700149,UGA,2012,124335.42000,,
700149,URY,2013,26981,,
700149,VNM,2014,315400,,
700149,VNM,2015,346900,,
700150,ARM,2014,1011732,,
700150,ARM,2015,1017822.66005,,
700150,AUT,2014,3911700,,
700150,AUT,2015,3941900,,
700150,BEL,2014,4316523,,
700150,BEL,2015,4323564,,
700150,BGR,2014,2826100,,
700150,BGR,2015,2866000,,
700150,BIH,2014,741828,,
700150,BIH,2015,760347.26505,,
700150,BMU,2010,34718,,
700150,BOL,2011,4735381,,
700150,BOL,2015,4465342,,
700150,BRN,2014,176049.61832,,
700150,CAN,2015,16920500,,
700150,CHE,2014,4204972,,
700150,CHL,2013,6855672,,
700150,CPV,2015,187871,,
700150,CRI,2015,1962211,,
700150,CYM,2016,38725,,
700150,CZE,2014,4721932,,
700150,CZE,2015,4770486,,
700150,DEU,2015,37424000,,
700150,DNK,2013,2363180,,
700150,DNK,2014,2393944.63000,,
700150,DOM,2013,3919805,,
700150,ECU,2013,6609419,,
700150,ECU,2015,6688632.10000,,
700150,ESP,2014,16568981,,
700150,ESP,2015,17053619,,
700150,EST,2014,582561,,
700150,EST,2015,594285,,
700150,FIN,2014,2247500,,
700150,FIN,2015,2227190,,
700150,FRA,2014,25222939,,
700150,FRA,2015,25299937,,
700150,GHA,2014,11305543,,
700150,GRC,2015,3443000,,
700150,HND,2010,2969488,,
700150,HND,2015,3239403.59598,,
700150,HRV,2015,1467768,,
700150,HUN,2014,3911304,,
700150,HUN,2015,4008205.17628,,
700150,ISL,2015,168900,,
700150,ISR,2014,3366670,,
700150,ITA,2014,21082630,,
700150,ITA,2015,21280258,,
700150,KOR,2014,23641000,,
700150,KOR,2015,23802000,,
700150,LKA,2015,7276363.34223,,
700150,LTU,2014,1247035,,
700150,LTU,2015,1256000,,
700150,LUX,2014,214972,,
700150,LUX,2015,225372,,
700150,LVA,2014,809800,,
700150,LVA,2015,825500,,
700150,MAC,2014,371800,,
700150,MAC,2015,380000,,
700150,MDA,2014,1130117,,
700150,MDA,2015,1125588,,
700150,MDV,2014,130133,,
700150,MEX,2014,44473550,,
700150,MEX,2015,45326577,,
700150,MKD,2014,651691,,
700150,MKD,2015,669857,,
700150,MLI,2014,4934346.92621,,
700150,MLI,2015,5278774,,
700150,MLT,2014,165297,,
700150,MLT,2015,173434,,
700150,MNG,2014,1067356,,
700150,MNG,2015,1067540,,
700150,MOZ,2014,9664802,,
700150,MYS,2014,13082600,,
700150,MYS,2015,13540100,,
700150,NIC,2009,2148129,,
700150,NLD,2014,7781000,,
700150,NLD,2015,7860000,,
700150,PAK,2014,43974892,,
700150,PAK,2015,44915823,,
700150,PAN,2013,1581502,,
700150,PAN,2016,1682459,,
700150,PER,2013,15411211,,
700150,PHL,2014,37522287,,
700150,PHL,2015,37617926,,
700150,PRI,2014,999831,,
700150,PRI,2015,975717.80000,,
700150,PRT,2014,4234134.91398,,
700150,PRT,2015,4272731.26803,,
700150,PRY,2010,2650605,,
700150,PSE,2014,897500,,
700150,PSE,2015,937900,,
700150,ROU,2014,8233024,,
700150,ROU,2015,8176156,,
700150,RUS,2014,66104828,,
700150,SLV,2013,2624357,,
700150,SRB,2014,2387822.84358,,
700150,SRB,2015,2428006.93218,,
700150,SVK,2014,2250700,,
700150,SVK,2015,2316700,,
700150,SWE,2014,4512360,,
700150,SWE,2015,4573493.50000,,
700150,SXM,2013,18484,,
700150,SYC,2012,0,NA,
700150,TGO,2015,1299111,,
700150,THA,2014,36667293,,
700150,THA,2015,36594486.92100,,
700150,TUR,2014,24305503,,
700150,TUR,2015,24956026.74000,,
700150,UGA,2012,13644799,,
700150,URY,2013,1560841,,
700150,VNM,2014,49840500,,
700150,VNM,2015,50058500,,
700151,AGO,2014,5385219.84000,,
700151,ARM,2014,1085954,,
700151,ARM,2015,1031994.23424,,
700151,AUT,2014,3970800,,
700151,AUT,2015,3999900,,
700151,BEL,2014,4389513,,
700151,BEL,2015,4390852,,
700151,BGR,2014,2856000,,
700151,BGR,2015,2901400,,
700151,BIH,2014,770734,,
700151,BIH,2015,785661.74323,,
700151,BMU,2010,35629,,
700151,BOL,2011,4790408,,
700151,BOL,2015,4574963,,
700151,BRA,2013,91705530,,
700151,BRN,2014,179150.92586,,
700151,CAN,2015,17251700,,
700151,CHE,2014,4290740,,
700151,CHL,2013,6963498,,
700151,CHL,2016,7920759.62582,,
700151,CPV,2015,188818,,
700151,CRI,2015,1988735,,
700151,CYM,2016,39456,,
700151,CYP,2014,351853,,
700151,CYP,2015,347276,,
700151,CZE,2014,4802874,,
700151,CZE,2015,4842403,,
700151,DEU,2014,38304900,,
700151,DEU,2015,38610900,,
700151,DNK,2013,2415581,,
700151,DNK,2014,2445935.08000,,
700151,DOM,2013,3941406,,
700151,ECU,2013,6613617,,
700151,ECU,2015,6811385.30000,,
700151,ESP,2014,16794991,,
700151,ESP,2015,17288919,,
700151,EST,2014,597036,,
700151,EST,2015,610377,,
700151,FIN,2014,2298700,,
700151,FIN,2015,2283959,,
700151,FRA,2014,25573687,,
700151,FRA,2015,25641575,,
700151,GHA,2014,11497479,,
700151,GRC,2015,3486500,,
700151,HND,2010,2998093,,
700151,HND,2015,3324668.70999,,
700151,HRV,2015,1519343,,
700151,HUN,2014,3961524,,
700151,HUN,2015,4064820.17628,,
700151,ISL,2015,175300,,
700151,ISR,2014,3416116,,
700151,ITA,2014,21376236,,
700151,ITA,2015,21565642,,
700151,KOR,2014,23952000,,
700151,KOR,2015,24112000,,
700151,LKA,2015,7333436.83547,,
700151,LTU,2014,1268094,,
700151,LTU,2015,1278013,,
700151,LUX,2014,218940,,
700151,LUX,2015,229428,,
700151,LVA,2014,835700,,
700151,LVA,2015,848500,,
700151,MAC,2014,380400,,
700151,MAC,2015,389100,,
700151,MDA,2014,1139528,,
700151,MDA,2015,1132859,,
700151,MDV,2014,132593,,
700151,MEX,2014,47110453,,
700151,MEX,2015,48032568,,
700151,MKD,2014,658501.40000,,
700151,MKD,2015,675674,,
700151,MLI,2014,5004468.87639,,
700151,MLI,2015,5339656,,
700151,MLT,2014,171075,,
700151,MLT,2015,177895,,
700151,MNG,2014,1075696,,
700151,MNG,2015,1088589,,
700151,MOZ,2014,9677984,,
700151,MYS,2014,13195100,,
700151,MYS,2015,13660900,,
700151,NIC,2009,2158114,,
700151,NLD,2014,7903000,,
700151,NLD,2015,7988000,,
700151,PAK,2014,44354889,,
700151,PAK,2015,45356768,,
700151,PAN,2013,1590907,,
700151,PAN,2016,1690624,,
700151,PER,2013,15555701,,
700151,PHL,2014,37813497,,
700151,PHL,2015,37927533,,
700151,PRI,2014,1016275,,
700151,PRI,2015,998035.25000,,
700151,PRT,2014,4313229.31325,,
700151,PRT,2015,4362645.04371,,
700151,PRY,2010,2671098,,
700151,PSE,2014,908800,,
700151,PSE,2015,955000,,
700151,ROU,2014,8293012,,
700151,ROU,2015,8227783,,
700151,RUS,2014,67644809,,
700151,SLV,2013,2643305,,
700151,SRB,2014,2435527.44313,,
700151,SRB,2015,2467277.05145,,
700151,SVK,2014,2271400,,
700151,SVK,2015,2335900,,
700151,SVN,2014,757518,,
700151,SVN,2015,759838,,
700151,SVN,2016,778749,,
700151,SWE,2014,4587560,,
700151,SWE,2015,4652025,,
700151,SXM,2013,18667,,
700151,SYC,2012,0,NA,
700151,TGO,2015,1308798,,
700151,THA,2014,37018183,,
700151,THA,2015,36927101.83190,,
700151,TUR,2014,24747592,,
700151,TUR,2015,25424684.85000,,
700151,UGA,2012,13769134.42000,,
700151,URY,2013,1587822,,
700151,VNM,2014,50155900,,
700151,VNM,2015,50405400,,
700151,ZAF,2014,14933101.38180,,
700152,AGO,2014,62.30400,,
700152,ARG,2016,269018.70039,,
700152,ARM,2014,84851,,
700152,ARM,2015,19516.43007,,
700152,AUT,2014,114400,,
700152,AUT,2015,116600,,
700152,BEL,2014,117040,,
700152,BEL,2015,118398,,
700152,BGR,2014,59300,,
700152,BGR,2015,65300,,
700152,BIH,2014,37852,,
700152,BIH,2015,32645.47095,,
700152,BMU,2010,1188,,
700152,BOL,2011,106752,,
700152,BOL,2015,184595,,
700152,BRN,2014,4468.58935,,
700152,CAN,2015,549400,,
700152,CHE,2014,141229,,
700152,CHL,2013,140999,,
700152,COL,2015,237024,,
700152,CPV,2015,2189,,
700152,CRI,2015,36560,,
700152,CYM,2016,1033,,
700152,CZE,2014,130597,,
700152,CZE,2015,143588,,
700152,DEU,2015,1695700,,
700152,DNK,2013,66775,,
700152,DNK,2014,67334.55000,,
700152,DOM,2013,24893,,
700152,ECU,2013,4198,,
700152,ECU,2015,182744.10600,,
700152,ESP,2014,516616,,
700152,ESP,2015,534500,,
700152,EST,2014,27339,,
700152,EST,2015,30671,,
700152,FIN,2014,107600,,
700152,FIN,2015,126398,,
700152,FRA,2014,673318,,
700152,FRA,2015,649189,,
700152,GHA,2014,275415,,
700152,GRC,2015,80600,,
700152,HND,2010,38211,,
700152,HND,2015,98766.97846,,
700152,HRV,2015,89758,,
700152,HUN,2014,99423,,
700152,HUN,2015,109466,,
700152,ISL,2015,11600,,
700152,ISR,2014,110344,,
700152,ITA,2014,535793,,
700152,ITA,2015,540323,,
700152,KOR,2014,718000,,
700152,KOR,2015,729000,,
700152,LKA,2015,100302.72562,,
700152,LTU,2014,40541,,
700152,LTU,2015,39735,,
700152,LUX,2014,7304,,
700152,LUX,2015,6092,,
700152,LVA,2014,40100,,
700152,LVA,2015,39000,,
700152,MAC,2014,12700,,
700152,MAC,2015,13100,,
700152,MDA,2014,15016,,
700152,MDA,2015,16770,,
700152,MDV,2014,4781,,
700152,MEX,2014,3396460,,
700152,MEX,2015,3456965,,
700152,MKD,2014,12215.92000,,
700152,MKD,2015,10828,,
700152,MLI,2014,154541.61300,,
700152,MLI,2015,140466,,
700152,MLT,2014,9017,,
700152,MLT,2015,7651,,
700152,MNG,2014,16136,,
700152,MNG,2015,30895,,
700152,MOZ,2014,20828,,
700152,MYS,2014,176900,,
700152,MYS,2015,190200,,
700152,NIC,2009,17251,,
700152,NLD,2014,231000,,
700152,NLD,2015,238000,,
700152,PAK,2014,611652,,
700152,PAK,2015,724268,,
700152,PAN,2013,20483,,
700152,PAN,2016,17362,,
700152,PER,2013,197567,,
700152,PHL,2014,477456,,
700152,PHL,2015,494610,,
700152,PRI,2014,31862,,
700152,PRI,2015,25249.65000,,
700152,PRT,2014,112347.54717,,
700152,PRT,2015,125908.30193,,
700152,PRY,2010,32104,,
700152,PSE,2014,15900,,
700152,PSE,2015,22100,,
700152,ROU,2014,91239,,
700152,ROU,2015,87061,,
700152,RUS,2014,2659455,,
700152,SLV,2013,20654,,
700152,SRB,2014,84847.57216,,
700152,SRB,2015,71367.27287,,
700152,SVK,2014,41900,,
700152,SVK,2015,41000,,
700152,SVN,2014,49366,,
700152,SVN,2015,50023,,
700152,SVN,2016,51039,,
700152,SWE,2014,156800,,
700152,SWE,2015,158995,,
700152,SXM,2013,205.84880,,
700152,SYC,2012,0,NA,
700152,TGO,2015,17161,,
700152,THA,2014,675289.56430,,
700152,THA,2015,672356.84130,,
700152,TUR,2014,691009,,
700152,TUR,2015,748502.54000,,
700152,UGA,2012,147347.42000,,
700152,URY,2013,28840,,
700152,VNM,2014,522200,,
700152,VNM,2015,549900,,
700153,AGO,2014,5442622.94400,,
700153,ARG,2016,11059391.29961,,
700153,ARM,2014,1048690,,
700153,ARM,2015,1053125.91733,,
700153,AUT,2014,3998400,,
700153,AUT,2015,4031700,,
700153,BEL,2014,4426507,,
700153,BEL,2015,4433221,,
700153,BGR,2014,2922100,,
700153,BGR,2015,2966500,,
700153,BIH,2014,774179,,
700153,BIH,2015,788866.58172,,
700153,BMU,2010,35478,,
700153,BOL,2011,4892565,,
700153,BOL,2015,4714193,,
700153,BRN,2014,185103.97621,,
700153,CAN,2015,17397200,,
700153,CHE,2014,4393309,,
700153,CHL,2013,7136760,,
700153,COL,2015,21557664,,
700153,CPV,2015,192258,,
700153,CRI,2015,2026557,,
700153,CYM,2016,39378,,
700153,CZE,2014,4843628,,
700153,CZE,2015,4897214,,
700153,DEU,2015,38583300,,
700153,DNK,2013,2404880,,
700153,DNK,2014,2435697.45000,,
700153,DOM,2013,4001125,,
700153,ECU,2013,6660040,,
700153,ECU,2015,6957891.60000,,
700153,ESP,2014,16827558,,
700153,ESP,2015,17331519,,
700153,EST,2014,597490,,
700153,EST,2015,610212,,
700153,FIN,2014,2339500,,
700153,FIN,2015,2310411,,
700153,FRA,2014,25703672,,
700153,FRA,2015,25774503,,
700153,GHA,2014,11763294,,
700153,GRC,2015,3530100,,
700153,HND,2010,3068614,,
700153,HND,2015,3365365.66059,,
700153,HRV,2015,1495509,,
700153,HUN,2014,4001430,,
700153,HUN,2015,4101032.17628,,
700153,ISL,2015,172100,,
700153,ISR,2014,3445417,,
700153,ITA,2014,21743124,,
700153,ITA,2015,21924430,,
700153,KOR,2014,24967000,,
700153,KOR,2015,25172000,,
700153,LKA,2015,7730673.57227,,
700153,LTU,2014,1278482,,
700153,LTU,2015,1295197,,
700153,LUX,2014,224006,,
700153,LUX,2015,233597,,
700153,LVA,2014,844500,,
700153,LVA,2015,857000,,
700153,MAC,2014,375400,,
700153,MAC,2015,383400,,
700153,MDA,2014,1169856,,
700153,MDA,2015,1166426,,
700153,MDV,2014,140976,,
700153,MEX,2014,45905097,,
700153,MEX,2015,46879123,,
700153,MKD,2014,677972,,
700153,MKD,2015,695163,,
700153,MLI,2014,4958850.69979,,
700153,MLI,2015,5478933,,
700153,MLT,2014,172779,,
700153,MLT,2015,178279,,
700153,MNG,2014,1094562,,
700153,MNG,2015,1120328,,
700153,MOZ,2014,9809787,,
700153,MYS,2014,13355200,,
700153,MYS,2015,13877500,,
700153,NIC,2009,2205915,,
700153,NLD,2014,8005000,,
700153,NLD,2015,8081000,,
700153,PAK,2014,47116475,,
700153,PAK,2015,48414932,,
700153,PAN,2013,1651869,,
700153,PAN,2016,1753349,,
700153,PER,2013,15998903,,
700153,PHL,2014,38173801,,
700153,PHL,2015,38246224,,
700153,PRI,2014,1010807,,
700153,PRI,2015,1002826.35000,,
700153,PRT,2014,4387177.26075,,
700153,PRT,2015,4422761.44505,,
700153,PRY,2010,2775985,,
700153,PSE,2014,900900,,
700153,PSE,2015,940400,,
700153,ROU,2014,8522500,,
700153,ROU,2015,8448324,,
700153,RUS,2014,68879589,,
700153,SLV,2013,2638213,,
700153,SRB,2014,2459339.98386,,
700153,SRB,2015,2502791.50566,,
700153,SVK,2014,2321200,,
700153,SVK,2015,2383000,,
700153,SVN,2014,750592,,
700153,SVN,2015,753621,,
700153,SVN,2016,773446,,
700153,SWE,2014,4615355,,
700153,SWE,2015,4678089,,
700153,SXM,2013,18931.49730,,
700153,SYC,2012,0,NA,
700153,TGO,2015,1430650,,
700153,THA,2014,37745703.57990,,
700153,THA,2015,37658062.35510,,
700153,TUR,2014,25241581,,
700153,TUR,2015,25872048.22000,,
700153,UGA,2012,13851316.41000,,
700153,URY,2013,1581093,,
700153,VNM,2014,52184700,,
700153,VNM,2015,52287200,,
700155,AGO,2014,36530.20800,,
700155,ARM,2014,25945,,
700155,ARM,2015,22017.79331,,
700155,AUT,2014,89900,,
700155,AUT,2015,94600,,
700155,BEL,2014,91178,,
700155,BEL,2015,92066,,
700155,BGR,2014,38600,,
700155,BGR,2015,43600,,
700155,BIH,2014,19721,,
700155,BIH,2015,16797.66300,LOWREL,
700155,BMU,2010,559,,
700155,BOL,2011,154521,,
700155,BOL,2015,196693,,
700155,BRA,2013,1567516,,
700155,BRN,2014,5724,,
700155,CAN,2015,355900,,
700155,CHE,2014,145251,,
700155,CHL,2013,167341,,
700155,CHL,2016,157312.70361,,
700155,CPV,2015,4268,,
700155,CRI,2015,40498.60000,,
700155,CYM,2016,539,,
700155,CYP,2014,5654,,
700155,CYP,2015,5700,,
700155,CZE,2014,81545,,
700155,CZE,2015,102033,,
700155,DEU,2014,958300,,
700155,DEU,2015,972700,,
700155,DNK,2013,26059,,
700155,DNK,2014,27040.17000,,
700155,DOM,2013,68213,,
700155,ECU,2013,37081,,
700155,ECU,2015,173204.70000,,
700155,ESP,2014,325027,,
700155,ESP,2015,335549.21000,,
700155,EST,2014,11633,,
700155,EST,2015,11398,,
700155,FIN,2014,71100,,
700155,FIN,2015,74479,,
700155,FRA,2014,486532,,
700155,FRA,2015,466713,,
700155,GHA,2014,210055,,
700155,GRC,2015,62700,,
700155,HND,2010,57498,,
700155,HND,2015,75390,,
700155,HRV,2015,32203,,
700155,HUN,2014,82142,,
700155,HUN,2015,76482,,
700155,ISL,2015,4400,,
700155,ISR,2014,62246,,
700155,ITA,2014,505593,,
700155,ITA,2015,509317,,
700155,KOR,2014,803000,,
700155,KOR,2015,817000,,
700155,LKA,2015,166119.04903,,
700155,LTU,2014,19491,,
700155,LTU,2015,18501,,
700155,LUX,2014,6391,,
700155,LUX,2015,4653,,
700155,LVA,2014,18600,,
700155,LVA,2015,17300,,
700155,MAC,2014,,SUPP,
700155,MAC,2015,,SUPP,
700155,MDA,2014,11314,,
700155,MDA,2015,13211,,
700155,MDV,2014,2740,,
700155,MEX,2014,1295797,,
700155,MEX,2015,1417636,,
700155,MKD,2014,16129,,
700155,MKD,2015,15222,,
700155,MLI,2014,78976.56844,,
700155,MLI,2015,135881.42940,,
700155,MLT,2014,7976,,
700155,MLT,2015,5152,,
700155,MNG,2014,19767,,
700155,MNG,2015,27834,,
700155,MOZ,2014,136052.52259,,
700155,MYS,2014,150200,,
700155,MYS,2015,168000,,
700155,NIC,2009,40722,,
700155,NLD,2014,203000,,
700155,NLD,2015,197000,,
700155,PAK,2014,2115620,,
700155,PAK,2015,2367085,,
700155,PAN,2013,37570,,
700155,PAN,2016,34437,,
700155,PER,2013,344257,,
700155,PHL,2014,354927,,
700155,PHL,2015,343243,,
700155,PRI,2014,16064,,
700155,PRI,2015,18776.55000,,
700155,PRT,2014,102262.32490,,
700155,PRT,2015,98946.94991,,
700155,PRY,2010,85131,,
700155,PSE,2014,6400,,
700155,PSE,2015,6300,,
700155,ROU,2014,109386,,
700155,ROU,2015,110710,,
700155,RUS,2014,1786511,,
700155,SLV,2013,13727,,
700155,SRB,2014,49988.10966,,
700155,SRB,2015,49493.68749,,
700155,SVK,2014,51300,,
700155,SVK,2015,46600,,
700155,SVN,2014,22360,,
700155,SVN,2015,23050,,
700155,SVN,2016,23878,,
700155,SWE,2014,90500,,
700155,SWE,2015,89250,,
700155,SXM,2013,303.78920,,
700155,SYC,2012,0,NA,
700155,TGO,2015,77834,,
700155,THA,2014,697989,,
700155,THA,2015,675204.15040,,
700155,TUR,2014,749901,,
700155,TUR,2015,741070.03900,,
700155,UGA,2012,138425.78000,,
700155,URY,2013,16458,,
700155,VNM,2014,1073500,,
700155,VNM,2015,1018600,,
700155,ZAF,2014,224956.66693,,
700156,AGO,2014,2290441.95200,,
700156,ARM,2014,563497,,
700156,ARM,2015,540253.80504,,
700156,AUT,2014,2085400,,
700156,AUT,2015,2099600,,
700156,BEL,2014,2344147,,
700156,BEL,2015,2341435,,
700156,BGR,2014,1538500,,
700156,BGR,2015,1563900,,
700156,BIH,2014,491272,,
700156,BIH,2015,498154.39800,,
700156,BMU,2010,17918,,
700156,BOL,2011,2641721,,
700156,BOL,2015,2663900,,
700156,BRA,2013,53443186,,
700156,BRN,2014,102808,,
700156,CAN,2015,9066800,,
700156,CHE,2014,2287321,,
700156,CHL,2013,4052503,,
700156,CHL,2016,4676827.05017,,
700156,CPV,2015,99711,,
700156,CRI,2015,1243580.40000,,
700156,CYM,2016,19477,,
700156,CYP,2014,179468,,
700156,CYP,2015,177951,,
700156,CZE,2014,2735345,,
700156,CZE,2015,2734673,,
700156,DEU,2014,20386000,,
700156,DEU,2015,20518500,,
700156,DNK,2013,1233996,,
700156,DNK,2014,1251874.83000,,
700156,DOM,2013,2500714,,
700156,ECU,2013,4038240,,
700156,ECU,2015,4100856.80000,,
700156,ESP,2014,9117643,,
700156,ESP,2015,9424785.90000,,
700156,EST,2014,308408,,
700156,EST,2015,316545,,
700156,FIN,2014,1182700,,
700156,FIN,2015,1174243,,
700156,FRA,2014,13187099,,
700156,FRA,2015,13191459,,
700156,GHA,2014,5571814,,
700156,GRC,2015,2023600,,
700156,HND,2010,1920297,,
700156,HND,2015,2043162,,
700156,HRV,2015,822591,,
700156,HUN,2014,2138333,,
700156,HUN,2015,2206985,,
700156,ISL,2015,91700,,
700156,ISR,2014,1818130,,
700156,ITA,2014,12439663,,
700156,ITA,2015,12575263,,
700156,KOR,2014,14072000,,
700156,KOR,2015,14179000,,
700156,LKA,2015,4931679.24413,,
700156,LTU,2014,627633,,
700156,LTU,2015,635591,,
700156,LUX,2014,122915,,
700156,LUX,2015,127645,,
700156,LVA,2014,419900,,
700156,LVA,2015,426600,,
700156,MAC,2014,,SUPP,
700156,MAC,2015,,SUPP,
700156,MDA,2014,585273,,
700156,MDA,2015,578060,,
700156,MDV,2014,89631,,
700156,MEX,2014,29294834,,
700156,MEX,2015,29891436,,
700156,MKD,2014,403460,,
700156,MKD,2015,408692,,
700156,MLI,2014,2563919.48658,,
700156,MLI,2015,2872351.02499,,
700156,MLT,2014,103937,,
700156,MLT,2015,108787,,
700156,MNG,2014,564604,,
700156,MNG,2015,576843,,
700156,MOZ,2014,4523469.78249,,
700156,MYS,2014,8199900,,
700156,MYS,2015,8523000,,
700156,NIC,2009,1375410,,
700156,NLD,2014,4257000,,
700156,NLD,2015,4285000,,
700156,PAK,2014,34790432,,
700156,PAK,2015,35655005,,
700156,PAN,2013,979533,,
700156,PAN,2016,1020645,,
700156,PER,2013,8500392,,
700156,PHL,2014,23010462,,
700156,PHL,2015,23062597,,
700156,PRI,2014,540236,,
700156,PRI,2015,518498.45000,,
700156,PRT,2014,2217242.68115,,
700156,PRT,2015,2235366.20845,,
700156,PRY,2010,1642456,,
700156,PSE,2014,748600,,
700156,PSE,2015,794100,,
700156,ROU,2014,4734406,,
700156,ROU,2015,4737637,,
700156,RUS,2014,34818903,,
700156,SLV,2013,1519066,,
700156,SRB,2014,1395058.41448,,
700156,SRB,2015,1416761.61059,,
700156,SVK,2014,1265100,,
700156,SVK,2015,1302700,,
700156,SVN,2014,418866,,
700156,SVN,2015,417057,,
700156,SVN,2016,426193,,
700156,SWE,2014,2412100,,
700156,SWE,2015,2440950,,
700156,SXM,2013,9425.62200,,
700156,SYC,2012,0,NA,
700156,TGO,2015,678250,,
700156,THA,2014,20182760,,
700156,THA,2015,20101102.74020,,
700156,TUR,2014,17494014,,
700156,TUR,2015,17821222.41000,,
700156,UGA,2012,6751922.20000,,
700156,URY,2013,876850,,
700156,VNM,2014,25938400,,
700156,VNM,2015,26197000,,
700156,ZAF,2014,8383289.20873,,
700158,AGO,2014,47.52000,,
700158,ARG,2016,136814.19107,LOWREL,
700158,ARM,2014,20974,,
700158,ARM,2015,8745.02238,,
700158,AUT,2014,63600,,
700158,AUT,2015,59500,,
700158,BEL,2014,62949,,
700158,BEL,2015,64642,,
700158,BGR,2014,26300,,
700158,BGR,2015,28900,,
700158,BIH,2015,16442.27300,LOWREL,
700158,BMU,2010,528,,
700158,BOL,2011,65809,,
700158,BOL,2015,108150,,
700158,BRN,2014,2206.31966,,
700158,CAN,2015,279300,,
700158,CHE,2014,71973,,
700158,CHL,2013,87411,,
700158,COL,2015,143659,,
700158,CPV,2015,1691,,
700158,CRI,2015,22324.70000,,
700158,CYM,2016,485,,
700158,CZE,2014,65916,,
700158,CZE,2015,73171.30000,,
700158,DEU,2015,862500,,
700158,DNK,2013,33959,,
700158,DNK,2014,34356.45000,,
700158,DOM,2013,13145,,
700158,ECU,2013,2215,,
700158,ECU,2015,107207.60000,,
700158,ESP,2014,282116,,
700158,ESP,2015,291122.24000,,
700158,EST,2014,9445,,
700158,EST,2015,11722,,
700158,FIN,2014,48900,,
700158,FIN,2015,59800,,
700158,FRA,2014,358102,,
700158,FRA,2015,335802,,
700158,GHA,2014,142199,,
700158,GRC,2015,43900,,
700158,HND,2010,24619,,
700158,HND,2015,42639,,
700158,HRV,2015,43341,,
700158,HUN,2014,51390,,
700158,HUN,2015,54509,,
700158,ISL,2015,6100,,
700158,ISR,2014,55320,,
700158,ITA,2014,300581,,
700158,ITA,2015,302066,,
700158,KOR,2014,353000,,
700158,KOR,2015,356000,,
700158,LIE,2014,264,,
700158,LIE,2015,281,,
700158,LKA,2015,75053.95958,,
700158,LTU,2014,14492,,
700158,LTU,2015,13026,,
700158,LUX,2014,4020,,
700158,LUX,2015,3092,,
700158,LVA,2014,14100,,
700158,LVA,2015,14800,,
700158,MAC,2014,,SUPP,
700158,MAC,2015,,SUPP,
700158,MDA,2014,4725,,
700158,MDA,2015,6344,,
700158,MDV,2014,2374,,
700158,MEX,2014,1884880,,
700158,MEX,2015,1950868,,
700158,MKD,2014,8203,,
700158,MKD,2015,6873,,
700158,MLI,2014,100548.33559,,
700158,MLI,2015,84730.33255,,
700158,MLT,2014,5737,,
700158,MLT,2015,4814,,
700158,MNG,2014,9038,,
700158,MNG,2015,14756,,
700158,MOZ,2014,18504.39878,,
700158,MYS,2014,99700,,
700158,MYS,2015,111000,,
700158,NIC,2009,12006,,
700158,NLD,2014,125000,,
700158,NLD,2015,129000,,
700158,PAK,2014,555519,,
700158,PAK,2015,671479,,
700158,PAN,2013,12020,,
700158,PAN,2016,11069,,
700158,PER,2013,128480,,
700158,PHL,2014,270142,,
700158,PHL,2015,272765,,
700158,PRI,2014,19008,,
700158,PRI,2015,9350.55000,,
700158,PRT,2014,51890.25115,,
700158,PRT,2015,56292.54659,,
700158,PRY,2010,22120,,
700158,PSE,2014,12100,,
700158,PSE,2015,17800,,
700158,ROU,2014,48489,,
700158,ROU,2015,45016,,
700158,RUS,2014,1082179,,
700158,SLV,2013,14819,,
700158,SRB,2014,45211.39572,,
700158,SRB,2015,39617.39646,,
700158,SVK,2014,18400,,
700158,SVK,2015,17800,,
700158,SVN,2014,26049,,
700158,SVN,2015,26316,,
700158,SVN,2016,26719,,
700158,SWE,2014,80600,,
700158,SWE,2015,80700,,
700158,SXM,2013,162.44470,,
700158,TGO,2015,16153,,
700158,THA,2014,390266,,
700158,THA,2015,377675.65190,,
700158,TUR,2014,484783,,
700158,TUR,2015,509387.88700,,
700158,UGA,2012,82045.86000,,
700158,URY,2013,16582,,
700158,VNM,2014,304300,,
700158,VNM,2015,315900,,
700159,AGO,2014,2315473.20900,,
700159,ARG,2016,6407823.80893,,
700159,ARM,2014,568467,,
700159,ARM,2015,553526.57597,,
700159,AUT,2014,2111600,,
700159,AUT,2015,2134700,,
700159,BEL,2014,2372376,,
700159,BEL,2015,2368859,,
700159,BGR,2014,1550800,,
700159,BGR,2015,1578600,,
700159,BIH,2015,498509.78800,,
700159,BMU,2010,17956,,
700159,BOL,2011,2730433,,
700159,BOL,2015,2752443,,
700159,BRN,2014,106325.01178,,
700159,CAN,2015,9143500,,
700159,CHE,2014,2360599,,
700159,CHL,2013,4132433,,
700159,COL,2015,12506582,,
700159,CPV,2015,102275.11045,,
700159,CRI,2015,1261754.30000,,
700159,CYM,2016,19530,,
700159,CZE,2014,2750974,,
700159,CZE,2015,2763904.70000,,
700159,DEU,2015,20628700,,
700159,DNK,2013,1226096,,
700159,DNK,2014,1244558.55000,,
700159,DOM,2013,2555782,,
700159,ECU,2013,4073106,,
700159,ECU,2015,4166853.90000,,
700159,ESP,2014,9160554,,
700159,ESP,2015,9469212.80000,,
700159,EST,2014,310595,,
700159,EST,2015,316221,,
700159,FIN,2014,1205000,,
700159,FIN,2015,1188922,,
700159,FRA,2014,13315529,,
700159,FRA,2015,13322370,,
700159,GHA,2014,5639670,,
700159,GRC,2015,2042500,,
700159,HND,2010,1953176,,
700159,HND,2015,2075913,,
700159,HRV,2015,811453,,
700159,HUN,2014,2169084,,
700159,HUN,2015,2228958,,
700159,ISL,2015,90100,,
700159,ISR,2014,1825050,,
700159,ITA,2014,12644675,,
700159,ITA,2015,12782515,,
700159,KOR,2014,14522000,,
700159,KOR,2015,14640000,,
700159,LIE,2014,10221,,
700159,LIE,2015,10180,,
700159,LKA,2015,5022744.33358,,
700159,LTU,2014,632632,,
700159,LTU,2015,641066,,
700159,LUX,2014,125286,,
700159,LUX,2015,129206,,
700159,LVA,2014,424300,,
700159,LVA,2015,429100,,
700159,MAC,2014,,SUPP,
700159,MAC,2015,,SUPP,
700159,MDA,2014,591863,,
700159,MDA,2015,584926,,
700159,MDV,2014,89997,,
700159,MEX,2014,28705751,,
700159,MEX,2015,29358204,,
700159,MKD,2014,411386,,
700159,MKD,2015,417040,,
700159,MLI,2014,2542347.71944,,
700159,MLI,2015,2923502.12184,,
700159,MLT,2014,106176,,
700159,MLT,2015,109125,,
700159,MNG,2014,575333,,
700159,MNG,2015,589921,,
700159,MOZ,2014,4641017.90630,,
700159,MYS,2014,8250400,,
700159,MYS,2015,8580000,,
700159,NIC,2009,1404126,,
700159,NLD,2014,4334000,,
700159,NLD,2015,4353000,,
700159,PAK,2014,36350533,,
700159,PAK,2015,37350611,,
700159,PAN,2013,1005083,,
700159,PAN,2016,1044013,,
700159,PER,2013,8716169,,
700159,PHL,2014,23095247,,
700159,PHL,2015,23133075,,
700159,PRI,2014,537292,,
700159,PRI,2015,527924.45000,,
700159,PRT,2014,2267614.75489,,
700159,PRT,2015,2278020.61177,,
700159,PRY,2010,1705467,,
700159,PSE,2014,742900,,
700159,PSE,2015,782600,,
700159,ROU,2014,4795303,,
700159,ROU,2015,4803331,,
700159,RUS,2014,35523236,,
700159,SLV,2013,1517974,,
700159,SRB,2014,1399835.12842,,
700159,SRB,2015,1426637.90162,,
700159,SVK,2014,1298000,,
700159,SVK,2015,1331500,,
700159,SVN,2014,415177,,
700159,SVN,2015,413791,,
700159,SVN,2016,423352,,
700159,SWE,2014,2421900,,
700159,SWE,2015,2449400,,
700159,SXM,2013,6227.42700,,
700159,TGO,2015,739931,,
700159,THA,2014,20490483,,
700159,THA,2015,20398631.23870,,
700159,TUR,2014,17759132,,
700159,TUR,2015,18052904.57000,,
700159,UGA,2012,6808302.10000,,
700159,URY,2013,876725,,
700159,VNM,2014,26705500,,
700159,VNM,2015,26899700,,
700161,AGO,2014,20935.20000,,
700161,ARM,2014,21642,,
700161,ARM,2015,18630.31985,,
700161,AUT,2014,52100,,
700161,AUT,2015,53900,,
700161,BEL,2014,62856,,
700161,BEL,2015,68701,,
700161,BGR,2014,86800,,
700161,BGR,2015,86800,,
700161,BIH,2014,21575,,
700161,BIH,2015,19052.64600,,
700161,BMU,2010,479,,
700161,BOL,2011,54388,,
700161,BOL,2015,127132,,
700161,BRA,2013,2607247,,
700161,BRN,2014,4698,,
700161,CAN,2015,338900,,
700161,CHE,2014,98547,,
700161,CHL,2013,146920,,
700161,CHL,2016,138793.45104,,
700161,CPV,2015,1361,,
700161,CRI,2015,33883.15000,,
700161,CYM,2016,416,,
700161,CYP,2014,5234,,
700161,CYP,2015,5226,,
700161,CZE,2014,89805,,
700161,CZE,2015,96362,,
700161,DEU,2014,678300,,
700161,DEU,2015,695400,,
700161,DNK,2013,30015,,
700161,DNK,2014,30056.75000,,
700161,DOM,2013,16399,,
700161,ECU,2013,13541,,
700161,ECU,2015,156045.70000,,
700161,ESP,2014,224156,,
700161,ESP,2015,241579.21000,,
700161,EST,2014,16160,,
700161,EST,2015,19109,,
700161,FIN,2014,77300,,
700161,FIN,2015,78371,,
700161,FRA,2014,316771,,
700161,FRA,2015,315404,,
700161,GHA,2014,331175,,
700161,GRC,2015,61500,,
700161,HND,2010,51233,,
700161,HND,2015,64073,,
700161,HRV,2015,33721,,
700161,HUN,2014,57177,,
700161,HUN,2015,69188,,
700161,ISL,2015,4000,,
700161,ISR,2014,77399,,
700161,ITA,2014,397087,,
700161,ITA,2015,389793,,
700161,KOR,2014,930000,,
700161,KOR,2015,972000,,
700161,LKA,2015,331420.41339,,
700161,LTU,2014,31438,,
700161,LTU,2015,38418,,
700161,LUX,2014,5979,,
700161,LUX,2015,5608,,
700161,LVA,2014,30300,,
700161,LVA,2015,30200,,
700161,MAC,2014,,SUPP,
700161,MAC,2015,,SUPP,
700161,MDA,2014,34031,,
700161,MDA,2015,37126,,
700161,MDV,2014,10424,,
700161,MEX,2014,895307,,
700161,MEX,2015,885884,,
700161,MKD,2014,15558,,
700161,MKD,2015,15095,,
700161,MLI,2014,29946.86796,,
700161,MLI,2015,143861.36871,,
700161,MLT,2014,2745,,
700161,MLT,2015,2883,,
700161,MNG,2014,15235,,
700161,MNG,2015,34800,,
700161,MOZ,2014,16578.61461,,
700161,MYS,2014,186800,,
700161,MYS,2015,238800,,
700161,NIC,2009,24330,,
700161,NLD,2014,131000,,
700161,NLD,2015,134000,,
700161,PAK,2014,1257618,,
700161,PAK,2015,1415347,,
700161,PAN,2013,43875,,
700161,PAN,2016,45650,,
700161,PER,2013,296512,,
700161,PHL,2014,482833,,
700161,PHL,2015,470058,,
700161,PRI,2014,10330,,
700161,PRI,2015,11264.20000,,
700161,PRT,2014,84033.16976,,
700161,PRT,2015,87077.75337,,
700161,PRY,2010,51860,,
700161,PSE,2014,1600,,
700161,PSE,2015,1200,,
700161,ROU,2014,211341,,
700161,ROU,2015,196892,,
700161,RUS,2014,2107724,,
700161,SLV,2013,1835,,
700161,SRB,2014,58672.00323,,
700161,SRB,2015,57388.03958,,
700161,SVK,2014,40400,,
700161,SVK,2015,41500,,
700161,SVN,2014,20080,,
700161,SVN,2015,20756,,
700161,SVN,2016,21858,,
700161,SWE,2014,94500,,
700161,SWE,2015,96125,,
700161,SXM,2013,166.19910,,
700161,SYC,2012,0,NA,
700161,TGO,2015,61179,,
700161,THA,2014,704822,,
700161,THA,2015,728113.21410,,
700161,TUR,2014,435098,,
700161,TUR,2015,454795.87100,,
700161,UGA,2012,91103.63000,,
700161,URY,2013,5654,,
700161,VNM,2014,1478200,,
700161,VNM,2015,1413200,,
700161,ZAF,2014,158790.14107,,
700162,AGO,2014,2060192.77600,,
700162,ARM,2014,522457,,
700162,ARM,2015,491740.42920,,
700162,AUT,2014,1885400,,
700162,AUT,2015,1900300,,
700162,BEL,2014,2045367,,
700162,BEL,2015,2049418,,
700162,BGR,2014,1317500,,
700162,BGR,2015,1337500,,
700162,BIH,2014,279462,,
700162,BIH,2015,287507.34500,,
700162,BMU,2010,17822,,
700162,BOL,2011,2148687,,
700162,BOL,2015,1911063,,
700162,BRA,2013,38262344,,
700162,BRN,2014,76343,,
700162,CAN,2015,8185000,,
700162,CHE,2014,2003419,,
700162,CHL,2013,2910995,,
700162,CHL,2016,3243932.57564,,
700162,CPV,2015,89120,,
700162,CRI,2015,745154.85000,,
700162,CYM,2016,19980,,
700162,CYP,2014,172385,,
700162,CYP,2015,169325,,
700162,CZE,2014,2067530,,
700162,CZE,2015,2108033,,
700162,DEU,2014,17919000,,
700162,DEU,2015,18092300,,
700162,DNK,2013,1181585,,
700162,DNK,2014,1194060.25000,,
700162,DOM,2013,1440692,,
700162,ECU,2013,2575376,,
700162,ECU,2015,2710528.50000,,
700162,ESP,2014,7677348,,
700162,ESP,2015,7864133.40000,,
700162,EST,2014,288629,,
700162,EST,2015,293832,,
700162,FIN,2014,1116000,,
700162,FIN,2015,1109716,,
700162,FRA,2014,12386588,,
700162,FRA,2015,12450116,,
700162,GHA,2014,5925665,,
700162,GRC,2015,1462900,,
700162,HND,2010,1077796,,
700162,HND,2015,1281506,,
700162,HRV,2015,696752,,
700162,HUN,2014,1823187,,
700162,HUN,2015,1857842,,
700162,ISL,2015,83600,,
700162,ISR,2014,1597990,,
700162,ITA,2014,8936573,,
700162,ITA,2015,8990379,,
700162,KOR,2014,9880000,,
700162,KOR,2015,9933000,,
700162,LKA,2015,2401757.59134,,
700162,LTU,2014,640461,,
700162,LTU,2015,642422,,
700162,LUX,2014,96025,,
700162,LUX,2015,101783,,
700162,LVA,2014,415800,,
700162,LVA,2015,421900,,
700162,MAC,2014,,SUPP,
700162,MAC,2015,,SUPP,
700162,MDA,2014,554254,,
700162,MDA,2015,554799,,
700162,MDV,2014,42962,,
700162,MEX,2014,17815619,,
700162,MEX,2015,18141132,,
700162,MKD,2014,255040,,
700162,MKD,2015,266982,,
700162,MLI,2014,2440549.38981,,
700162,MLI,2015,2467305.33267,,
700162,MLT,2014,67138,,
700162,MLT,2015,69108,,
700162,MNG,2014,511092,,
700162,MNG,2015,511746,,
700162,MOZ,2014,5154515.06156,,
700162,MYS,2014,4995200,,
700162,MYS,2015,5137900,,
700162,NIC,2009,782705,,
700162,NLD,2014,3646000,,
700162,NLD,2015,3702000,,
700162,PAK,2014,9564457,,
700162,PAK,2015,9701763,,
700162,PAN,2013,611374,,
700162,PAN,2016,669979,,
700162,PER,2013,7055309,,
700162,PHL,2014,14803035,,
700162,PHL,2015,14864936,,
700162,PRI,2014,476039,,
700162,PRI,2015,479536.80000,,
700162,PRT,2014,2095986.63211,,
700162,PRT,2015,2127278.83526,,
700162,PRY,2010,1028642,,
700162,PSE,2014,160200,,
700162,PSE,2015,160900,,
700162,ROU,2014,3558606,,
700162,ROU,2015,3490146,,
700162,RUS,2014,32825905,,
700162,SLV,2013,1124239,,
700162,SRB,2014,1040469.02864,,
700162,SRB,2015,1050515.44086,,
700162,SVK,2014,1006300,,
700162,SVK,2015,1033200,,
700162,SVN,2014,338652,,
700162,SVN,2015,342781,,
700162,SVN,2016,352556,,
700162,SWE,2014,2175300,,
700162,SWE,2015,2210975,,
700162,SXM,2013,9241.84700,,
700162,SYC,2012,0,NA,
700162,TGO,2015,630548,,
700162,THA,2014,16835423,,
700162,THA,2015,16825999.09170,,
700162,TUR,2014,7253578,,
700162,TUR,2015,7603462.43600,,
700162,UGA,2012,7017211.80000,,
700162,URY,2013,710972,,
700162,VNM,2014,24230000,,
700162,VNM,2015,24209200,,
700162,ZAF,2014,6549812.17307,,
700164,AGO,2014,14.78400,,
700164,ARG,2016,132204.50932,LOWREL,
700164,ARM,2014,63877,,
700164,ARM,2015,10771.40769,,
700164,AUT,2014,50800,,
700164,AUT,2015,57200,,
700164,BEL,2014,54091,,
700164,BEL,2015,53756,,
700164,BGR,2014,33000,,
700164,BGR,2015,36400,,
700164,BIH,2015,16203.19800,LOWREL,
700164,BMU,2010,665,,
700164,BOL,2011,40943,,
700164,BOL,2015,76445,,
700164,BRN,2014,2262.26970,,
700164,CAN,2015,270100,,
700164,CHE,2014,69256,,
700164,CHL,2013,53588,,
700164,COL,2015,93365,,
700164,CPV,2015,498,,
700164,CRI,2015,14234.90000,,
700164,CYM,2016,548,,
700164,CZE,2014,64681,,
700164,CZE,2015,70416.10000,,
700164,DEU,2015,833200,,
700164,DNK,2013,32816,,
700164,DNK,2014,32978.10000,,
700164,DOM,2013,11748,,
700164,ECU,2013,1983,,
700164,ECU,2015,75536.47000,,
700164,ESP,2014,234500,,
700164,ESP,2015,243434.77000,,
700164,EST,2014,17893,,
700164,EST,2015,18949,,
700164,FIN,2014,58700,,
700164,FIN,2015,66598,,
700164,FRA,2014,315216,,
700164,FRA,2015,313387,,
700164,GHA,2014,133216,,
700164,GRC,2015,36700,,
700164,HND,2010,13592,,
700164,HND,2015,56128,,
700164,HRV,2015,46417,,
700164,HUN,2014,48023,,
700164,HUN,2015,54956,,
700164,ISL,2015,5500,,
700164,ISR,2014,55024,,
700164,ITA,2014,235211,,
700164,ITA,2015,238257,,
700164,KOR,2014,365000,,
700164,KOR,2015,373000,,
700164,LIE,2014,265,,
700164,LIE,2015,269,,
700164,LKA,2015,25248.76604,,
700164,LTU,2014,26049,,
700164,LTU,2015,26709,,
700164,LUX,2014,3284,,
700164,LUX,2015,3000,,
700164,LVA,2014,25900,,
700164,LVA,2015,24200,,
700164,MAC,2014,,SUPP,
700164,MAC,2015,,SUPP,
700164,MDA,2014,10291,,
700164,MDA,2015,10425,,
700164,MDV,2014,2407,,
700164,MEX,2014,1511580,,
700164,MEX,2015,1506097,,
700164,MKD,2014,4012,,
700164,MKD,2015,3955,,
700164,MLI,2014,53993.27741,,
700164,MLI,2015,55735.32627,,
700164,MLT,2014,3280,,
700164,MLT,2015,2837,,
700164,MNG,2014,7098,,
700164,MNG,2015,16139,,
700164,MOZ,2014,2323.93349,,
700164,MYS,2014,77200,,
700164,MYS,2015,79200,,
700164,NIC,2009,5246,,
700164,NLD,2014,106000,,
700164,NLD,2015,109000,,
700164,PAK,2014,56133,,
700164,PAK,2015,52789,,
700164,PAN,2013,8463,,
700164,PAN,2016,6293,,
700164,PER,2013,69087,,
700164,PHL,2014,207314,,
700164,PHL,2015,221845,,
700164,PRI,2014,12854,,
700164,PRI,2015,6591.25000,,
700164,PRT,2014,60457.29601,,
700164,PRT,2015,69615.75534,,
700164,PRY,2010,9984,,
700164,PSE,2014,3800,,
700164,PSE,2015,4300,,
700164,ROU,2014,42750,,
700164,ROU,2015,42045,,
700164,RUS,2014,1577276,,
700164,SLV,2013,5835,,
700164,SRB,2014,39636.17644,,
700164,SRB,2015,31749.87641,,
700164,SVK,2014,23500,,
700164,SVK,2015,23200,,
700164,SVN,2014,23317,,
700164,SVN,2015,23707,,
700164,SVN,2016,24320,,
700164,SWE,2014,76200,,
700164,SWE,2015,78300,,
700164,SXM,2013,43.40410,,
700164,TGO,2015,1009,,
700164,THA,2014,285024,,
700164,THA,2015,294681.18940,,
700164,TUR,2014,206226,,
700164,TUR,2015,239114.65300,,
700164,UGA,2012,65301.56000,,
700164,URY,2013,12258,,
700164,VNM,2014,217900,,
700164,VNM,2015,234000,,
700165,AGO,2014,1847645.62300,,
700165,ARG,2016,4651567.49068,,
700165,ARM,2014,480223,,
700165,ARM,2015,499599.34136,,
700165,AUT,2014,1886800,,
700165,AUT,2015,1897000,,
700165,BEL,2014,2054132,,
700165,BEL,2015,2064363,,
700165,BGR,2014,1371300,,
700165,BGR,2015,1387900,,
700165,BIH,2015,290356.79400,,
700165,BMU,2010,17646,,
700165,BOL,2011,2162132,,
700165,BOL,2015,1961750,,
700165,BRN,2014,78778.96443,,
700165,CAN,2015,8253800,,
700165,CHE,2014,2032710,,
700165,CHL,2013,3004327,,
700165,COL,2015,9051082,,
700165,CPV,2015,89983.00973,,
700165,CRI,2015,764803.10000,,
700165,CYM,2016,19848,,
700165,CZE,2014,2092654,,
700165,CZE,2015,2133934.90000,,
700165,DEU,2015,17954500,,
700165,DNK,2013,1178784,,
700165,DNK,2014,1191138.90000,,
700165,DOM,2013,1445343,,
700165,ECU,2013,2586934,,
700165,ECU,2015,2791037.70000,,
700165,ESP,2014,7667004,,
700165,ESP,2015,7862277.90000,,
700165,EST,2014,286895,,
700165,EST,2015,293991,,
700165,FIN,2014,1134500,,
700165,FIN,2015,1121489,,
700165,FRA,2014,12388143,,
700165,FRA,2015,12452133,,
700165,GHA,2014,6123624,,
700165,GRC,2015,1487700,,
700165,HND,2010,1115437,,
700165,HND,2015,1289452,,
700165,HRV,2015,684056,,
700165,HUN,2014,1832341,,
700165,HUN,2015,1872074,,
700165,ISL,2015,82000,,
700165,ISR,2014,1620360,,
700165,ITA,2014,9098449,,
700165,ITA,2015,9141916,,
700165,KOR,2014,10445000,,
700165,KOR,2015,10532000,,
700165,LIE,2014,8085,,
700165,LIE,2015,8216,,
700165,LKA,2015,2707929.23869,,
700165,LTU,2014,645850,,
700165,LTU,2015,654131,,
700165,LUX,2014,98720,,
700165,LUX,2015,104391,,
700165,LVA,2014,420200,,
700165,LVA,2015,427900,,
700165,MAC,2014,,SUPP,
700165,MAC,2015,,SUPP,
700165,MDA,2014,577994,,
700165,MDA,2015,581500,,
700165,MDV,2014,50979,,
700165,MEX,2014,17199346,,
700165,MEX,2015,17520919,,
700165,MKD,2014,266586,,
700165,MKD,2015,278123,,
700165,MLI,2014,2416502.98036,,
700165,MLI,2015,2555431.37512,,
700165,MLT,2014,66603,,
700165,MLT,2015,69154,,
700165,MNG,2014,519229,,
700165,MNG,2015,530407,,
700165,MOZ,2014,5168769.74269,,
700165,MYS,2014,5104800,,
700165,MYS,2015,5297500,,
700165,NIC,2009,801789,,
700165,NLD,2014,3671000,,
700165,NLD,2015,3728000,,
700165,PAK,2014,10765942,,
700165,PAK,2015,11064321,,
700165,PAN,2013,646786,,
700165,PAN,2016,709336,,
700165,PER,2013,7282734,,
700165,PHL,2014,15078554,,
700165,PHL,2015,15113149,,
700165,PRI,2014,473515,,
700165,PRI,2015,484209.75000,,
700165,PRT,2014,2119562.50586,,
700165,PRT,2015,2144740.83329,,
700165,PRY,2010,1070518,,
700165,PSE,2014,158000,,
700165,PSE,2015,157800,,
700165,ROU,2014,3727197,,
700165,ROU,2015,3644993,,
700165,RUS,2014,33356353,,
700165,SLV,2013,1120239,,
700165,SRB,2014,1059504.85544,,
700165,SRB,2015,1076153.60403,,
700165,SVK,2014,1023200,,
700165,SVK,2015,1051500,,
700165,SVN,2014,335415,,
700165,SVN,2015,339830,,
700165,SVN,2016,350094,,
700165,SWE,2014,2193600,,
700165,SWE,2015,2228800,,
700165,SXM,2013,6549.21400,,
700165,TGO,2015,690719,,
700165,THA,2014,17255220,,
700165,THA,2015,17259431.11640,,
700165,TUR,2014,7482449,,
700165,TUR,2015,7819143.65300,,
700165,UGA,2012,7043013.90000,,
700165,URY,2013,704368,,
700165,VNM,2014,25490900,,
700165,VNM,2015,25388100,,
700179,AGO,2014,8095.29600,,
700179,ARM,2014,3282,,
700179,ARM,2015,4881.36085,,
700179,AUT,2014,16900,,
700179,AUT,2015,14000,,
700179,BEL,2014,5847,,
700179,BEL,2015,6479,,
700179,BGR,2014,4600,,
700179,BGR,2015,3800,,
700179,BMU,2010,66,,
700179,BOL,2011,39100,,
700179,BOL,2015,44789,,
700179,BRA,2013,704606,,
700179,BRN,2014,1076.57404,,
700179,CAN,2015,63900,,
700179,CHE,2014,35022,,
700179,CHL,2013,29882,,
700179,CHL,2016,19765.09317,,
700179,CPV,2015,660,,
700179,CRI,2015,5680.65000,,
700179,CYM,2016,139,,
700179,CYP,2014,530,LOWREL,
700179,CYP,2015,583,LOWREL,
700179,CZE,2014,7021,,
700179,CZE,2015,8256.90000,,
700179,DEU,2014,134100,,
700179,DEU,2015,128200,,
700179,DNK,2013,3218,,
700179,DNK,2014,3776.13000,,
700179,DOM,2013,10990,,
700179,ECU,2013,6601,,
700179,ECU,2015,32591.47000,,
700179,ESP,2014,18738,,
700179,ESP,2015,19421.49700,,
700179,EST,2014,2216,,
700179,EST,2015,2078,,
700179,FIN,2014,8000,,
700179,FIN,2015,7057,,
700179,FRA,2014,49166,,
700179,FRA,2015,39458,,
700179,GHA,2014,146913,,
700179,GRC,2015,3600,,
700179,HND,2010,21235,,
700179,HND,2015,26128,,
700179,HUN,2014,6762,,
700179,HUN,2015,7853,,
700179,ISL,2015,500,,
700179,ISR,2014,7694,,
700179,ITA,2014,28016,,
700179,ITA,2015,27128,,
700179,KOR,2014,139000,,
700179,KOR,2015,159000,,
700179,LKA,2015,79788.22648,,
700179,LTU,2014,3582,,
700179,LTU,2015,4155,,
700179,LUX,2014,189,,
700179,LUX,2015,289,,
700179,LVA,2014,3000,,
700179,LVA,2015,3800,,
700179,MAC,2014,,SUPP,
700179,MAC,2015,,SUPP,
700179,MDA,2014,4890,,
700179,MDA,2015,5015,,
700179,MDV,2014,1501,,
700179,MEX,2014,294794,,
700179,MEX,2015,269110,,
700179,MKD,2014,1652,,
700179,MKD,2015,2420,,
700179,MLI,2014,37679.98680,,
700179,MLI,2015,60711.75124,,
700179,MLT,2014,1228,,
700179,MLT,2015,682,LOWREL,
700179,MNG,2014,4157,,
700179,MOZ,2014,35985.17976,,
700179,MYS,2014,38500,,
700179,MYS,2015,52600,,
700179,NIC,2009,13008,,
700179,NLD,2014,30000,,
700179,NLD,2015,31000,,
700179,PAK,2014,1128724,,
700179,PAK,2015,1256291,,
700179,PAN,2013,8907,,
700179,PAN,2016,12814,,
700179,PER,2013,136815,,
700179,PHL,2014,152665,,
700179,PHL,2015,138161,,
700179,PRI,2014,2120,,
700179,PRI,2015,2523.90000,,
700179,PRT,2014,13129.50541,,
700179,PRT,2015,14580.79876,,
700179,PRY,2010,27280,,
700179,PSE,2014,1200,,
700179,PSE,2015,900,,
700179,ROU,2014,10761,LOWREL,
700179,ROU,2015,15537,,
700179,RUS,2014,222943,,
700179,SLV,2013,1716,,
700179,SRB,2014,5084.81419,,
700179,SRB,2015,6396.91530,,
700179,SVK,2014,2900,,
700179,SVK,2015,3900,,
700179,SVN,2014,773,,
700179,SVN,2015,868,,
700179,SVN,2016,911,,
700179,SWE,2014,11200,,
700179,SWE,2015,11805,,
700179,SXM,2013,11.41493,,
700179,SYC,2012,0,NA,
700179,TGO,2015,29824,,
700179,THA,2014,127074,,
700179,THA,2015,120198.84670,,
700179,TUR,2014,180997,,
700179,TUR,2015,181121.28500,,
700179,UGA,2012,57993.44000,,
700179,URY,2013,3238,,
700179,VNM,2014,415100,,
700179,VNM,2015,404400,,
700179,ZAF,2014,24388.71860,,
700180,AGO,2014,806175.11200,,
700180,ARM,2014,101493,,
700180,ARM,2015,103781.66412,,
700180,AUT,2014,491300,,
700180,AUT,2015,486000,,
700180,BEL,2014,300294,,
700180,BEL,2015,301143,,
700180,BGR,2014,148100,,
700180,BGR,2015,139500,,
700180,BIH,2015,44339.35200,,
700180,BMU,2010,2604,,
700180,BOL,2011,985759,,
700180,BOL,2015,795335,,
700180,BRA,2013,15459213,,
700180,BRN,2014,19098.80509,,
700180,CAN,2015,2407700,,
700180,CHE,2014,537372,,
700180,CHL,2013,816596,,
700180,CHL,2016,778026.92868,,
700180,CPV,2015,25011,,
700180,CRI,2015,297205.35000,,
700180,CYM,2016,2574,,
700180,CYP,2014,26474,,
700180,CYP,2015,24458,,
700180,CZE,2014,292529,,
700180,CZE,2015,294678.10000,,
700180,DEU,2014,3772400,,
700180,DEU,2015,3676400,,
700180,DNK,2013,368053,,
700180,DNK,2014,372764.87000,,
700180,DOM,2013,671856,,
700180,ECU,2013,1023378,,
700180,ECU,2015,1087269,,
700180,ESP,2014,729823,,
700180,ESP,2015,783262.55000,,
700180,EST,2014,57175,,
700180,EST,2015,47222,,
700180,FIN,2014,253800,,
700180,FIN,2015,245576,,
700180,FRA,2014,2036772,,
700180,FRA,2015,2049723,,
700180,GHA,2014,2467675,,
700180,GRC,2015,136500,,
700180,HND,2010,836588,,
700180,HND,2015,881928,,
700180,HRV,2015,90084,,
700180,HUN,2014,257169,,
700180,HUN,2015,273941,,
700180,ISL,2015,28900,,
700180,ISR,2014,541627,,
700180,ITA,2014,901440,,
700180,ITA,2015,900598,,
700180,KOR,2014,1402000,,
700180,KOR,2015,1489000,,
700180,LKA,2015,679447.68722,,
700180,LTU,2014,102978,,
700180,LTU,2015,100409,,
700180,LUX,2014,10520,,
700180,LUX,2015,15337,,
700180,LVA,2014,66100,,
700180,LVA,2015,65700,,
700180,MAC,2014,,SUPP,
700180,MAC,2015,,SUPP,
700180,MDA,2014,89641,,
700180,MDA,2015,88132,,
700180,MDV,2014,29209,,
700180,MEX,2014,8483444,,
700180,MEX,2015,8358522,,
700180,MKD,2014,42863,,
700180,MKD,2015,46291,,
700180,MLI,2014,1515825.12646,,
700180,MLI,2015,1278644.83255,,
700180,MLT,2014,23720,,
700180,MLT,2015,23401,,
700180,MNG,2014,110330,,
700180,MNG,2015,104884,,
700180,MOZ,2014,2520862.49229,,
700180,MYS,2014,2077600,,
700180,MYS,2015,2241100,,
700180,NIC,2009,554873,,
700180,NLD,2014,1172000,,
700180,NLD,2015,1214000,,
700180,PAK,2014,11535126,,
700180,PAK,2015,11359347,,
700180,PAN,2013,263536,,
700180,PAN,2016,254707,,
700180,PER,2013,2828513,,
700180,PHL,2014,7355354,,
700180,PHL,2015,7116437,,
700180,PRI,2014,99399,,
700180,PRI,2015,95048.10000,,
700180,PRT,2014,233412.85370,,
700180,PRT,2015,236872.59779,,
700180,PRY,2010,603102,,
700180,PSE,2014,174900,,
700180,PSE,2015,194500,,
700180,ROU,2014,497461,,
700180,ROU,2015,520528,,
700180,RUS,2014,5796030,,
700180,SLV,2013,541021,,
700180,SRB,2014,114592.37323,,
700180,SRB,2015,123105.44478,,
700180,SVK,2014,145600,,
700180,SVK,2015,149900,,
700180,SVN,2014,24918,,
700180,SVN,2015,26686,,
700180,SVN,2016,30025,,
700180,SWE,2014,501600,,
700180,SWE,2015,506095,,
700180,SXM,2013,1589.71600,,
700180,SYC,2012,0,NA,
700180,TGO,2015,124649,,
700180,THA,2014,3875799,,
700180,THA,2015,3806179.50140,,
700180,TUR,2014,3749266,,
700180,TUR,2015,3857666.80300,,
700180,UGA,2012,4427703.30000,,
700180,URY,2013,220732,,
700180,VNM,2014,6691500,,
700180,VNM,2015,7044100,,
700180,ZAF,2014,1238837.38647,,
700182,AGO,2014,9.50400,,
700182,ARG,2016,31989.12573,LOWREL,
700182,ARM,2014,3179,,
700182,ARM,2015,2393.97932,,
700182,AUT,2014,12200,,
700182,AUT,2015,9000,,
700182,BEL,2014,5623,,
700182,BEL,2015,4760,LOWREL,
700182,BGR,2014,1700,LOWREL,
700182,BMU,2010,86,,
700182,BOL,2011,22283,,
700182,BOL,2015,32268,,
700182,BRN,2014,558.65972,,
700182,CAN,2015,83900,,
700182,CHE,2014,14302,,
700182,CHL,2013,22719,,
700182,COL,2015,54645,,
700182,CPV,2015,402,,
700182,CRI,2015,9640.80000,,
700182,CYM,2016,111,,
700182,CZE,2014,6262,,
700182,CZE,2015,6096,,
700182,DEU,2015,164400,,
700182,DNK,2013,11130,,
700182,DNK,2014,10690.55000,,
700182,DOM,2013,3467,,
700182,ECU,2013,1521,,
700182,ECU,2015,24911.20000,,
700182,ESP,2014,25593,,
700182,ESP,2015,21686.57500,,
700182,EST,2014,2072,,
700182,EST,2015,3250,,
700182,FIN,2014,7300,,
700182,FIN,2015,9168,,
700182,FRA,2014,46856,,
700182,FRA,2015,40445,,
700182,GHA,2014,39449,,
700182,GRC,2015,2600,,
700182,HND,2010,10727,,
700182,HND,2015,18891,,
700182,HUN,2014,5446,,
700182,HUN,2015,6416,,
700182,ISL,2015,1900,,
700182,ISR,2014,9161,,
700182,ITA,2014,18900,,
700182,ITA,2015,14766,,
700182,KOR,2014,68000,,
700182,KOR,2015,73000,,
700182,LIE,2014,35,,
700182,LIE,2015,43,,
700182,LKA,2015,13239.76426,,
700182,LTU,2014,1687,,
700182,LTU,2015,2646,,
700182,LUX,2014,353,,
700182,LUX,2015,620,,
700182,LVA,2014,4000,,
700182,LVA,2015,4000,,
700182,MAC,2014,,SUPP,
700182,MAC,2015,,SUPP,
700182,MDA,2014,921,LOWREL,
700182,MDA,2015,1474,,
700182,MDV,2014,1285,,
700182,MEX,2014,578641,,
700182,MEX,2015,506439,,
700182,MKD,2014,434,LOWREL,
700182,MLI,2014,49803.73789,,
700182,MLI,2015,29223.87341,,
700182,MLT,2014,1141,,
700182,MLT,2015,750,LOWREL,
700182,MNG,2014,2547,,
700182,MOZ,2014,5201.48386,,
700182,MYS,2014,26700,,
700182,MYS,2015,33000,,
700182,NIC,2009,5656,,
700182,NLD,2014,22000,,
700182,NLD,2015,22000,,
700182,PAK,2014,118595,,
700182,PAK,2015,123570,,
700182,PAN,2013,2794,,
700182,PAN,2016,2679,,
700182,PER,2013,69301,,
700182,PHL,2014,92131,,
700182,PHL,2015,91033,,
700182,PRI,2014,2918,,
700182,PRI,2015,1212.05000,,
700182,PRT,2014,7033.79618,,
700182,PRT,2015,7979.34236,,
700182,PRY,2010,7506,,
700182,PSE,2014,1400,,
700182,PSE,2015,3600,,
700182,ROU,2014,3752,LOWREL,
700182,ROU,2015,5640,,
700182,RUS,2014,218438,,
700182,SLV,2013,3632,,
700182,SRB,2014,3468.86798,,
700182,SRB,2015,2852.92453,LOWREL,
700182,SVK,2014,1200,LOWREL,
700182,SVK,2015,2200,,
700182,SVN,2014,678,,
700182,SVN,2015,732,,
700182,SVN,2016,811,,
700182,SWE,2014,13500,,
700182,SWE,2015,13400,,
700182,SXM,2013,0,NIL,
700182,TGO,2015,2084,,
700182,THA,2014,59733,,
700182,THA,2015,50873.69980,,
700182,TUR,2014,86945,,
700182,TUR,2015,90544.16500,,
700182,UGA,2012,37110.14000,,
700182,URY,2013,4382,,
700182,VNM,2014,51100,,
700182,VNM,2015,60900,,
700183,AGO,2014,793184.05620,,
700183,ARG,2016,1317442.87428,,
700183,ARM,2014,101596,,
700183,ARM,2015,106269.04566,,
700183,AUT,2014,496000,,
700183,AUT,2015,491000,,
700183,BEL,2014,300517,,
700183,BEL,2015,302862,,
700183,BGR,2014,151000,,
700183,BGR,2015,141500,,
700183,BIH,2015,46933.32500,,
700183,BMU,2010,2602,,
700183,BOL,2011,1002576,,
700183,BOL,2015,807856,,
700183,BRN,2014,19616.71941,,
700183,CAN,2015,2387700,,
700183,CHE,2014,558092,,
700183,CHL,2013,823759,,
700183,COL,2015,3660395,,
700183,CPV,2015,25263,,
700183,CRI,2015,293245.20000,,
700183,CYM,2016,2602,,
700183,CZE,2014,293288,,
700183,CZE,2015,296804,,
700183,DEU,2015,3640200,,
700183,DNK,2013,360141,,
700183,DNK,2014,365850.45000,,
700183,DOM,2013,679379,,
700183,ECU,2013,1028458,,
700183,ECU,2015,1094949.30000,,
700183,ESP,2014,722968,,
700183,ESP,2015,780997.48000,,
700183,EST,2014,57320,,
700183,EST,2015,46051,,
700183,FIN,2014,254600,,
700183,FIN,2015,243465,,
700183,FRA,2014,2039082,,
700183,FRA,2015,2048736,,
700183,GHA,2014,2575139,,
700183,GRC,2015,137500,,
700183,HND,2010,847096,,
700183,HND,2015,889165,,
700183,HRV,2015,89797,,
700183,HUN,2014,258485,,
700183,HUN,2015,275377,,
700183,ISL,2015,27400,,
700183,ISR,2014,540159,,
700183,ITA,2014,910557,,
700183,ITA,2015,912960,,
700183,KOR,2014,1473000,,
700183,KOR,2015,1575000,,
700183,LIE,2014,2138,,
700183,LIE,2015,2063,,
700183,LKA,2015,745996.14944,,
700183,LTU,2014,104873,,
700183,LTU,2015,101918,,
700183,LUX,2014,10356,,
700183,LUX,2015,15006,,
700183,LVA,2014,65100,,
700183,LVA,2015,65500,,
700183,MAC,2014,,SUPP,
700183,MAC,2015,,SUPP,
700183,MDA,2014,93610,,
700183,MDA,2015,91674,,
700183,MDV,2014,29425,,
700183,MEX,2014,8199597,,
700183,MEX,2015,8121193,,
700183,MKD,2014,44082,,
700183,MKD,2015,47773,,
700183,MLI,2014,1503701.37537,,
700183,MLI,2015,1310132.71038,,
700183,MLT,2014,23807,,
700183,MLT,2015,23333,,
700183,MNG,2014,111940,,
700183,MNG,2015,107782,,
700183,MOZ,2014,2551646.18818,,
700183,MYS,2014,2089400,,
700183,MYS,2015,2260700,,
700183,NIC,2009,562226,,
700183,NLD,2014,1180000,,
700183,NLD,2015,1223000,,
700183,PAK,2014,12545255,,
700183,PAK,2015,12492068,,
700183,PAN,2013,269649,,
700183,PAN,2016,264842,,
700183,PER,2013,2896026,,
700183,PHL,2014,7415888,,
700183,PHL,2015,7163565,,
700183,PRI,2014,98601,,
700183,PRI,2015,96359.95000,,
700183,PRT,2014,239508.56294,,
700183,PRT,2015,243474.05419,,
700183,PRY,2010,622876,,
700183,PSE,2014,174700,,
700183,PSE,2015,191800,,
700183,ROU,2014,504470,,
700183,ROU,2015,530425,,
700183,RUS,2014,5800535,,
700183,SLV,2013,539105,,
700183,SRB,2014,116208.31944,,
700183,SRB,2015,126649.43555,,
700183,SVK,2014,147300,,
700183,SVK,2015,151700,,
700183,SVN,2014,25013,,
700183,SVN,2015,26822,,
700183,SVN,2016,30125,,
700183,SWE,2014,499300,,
700183,SWE,2015,504400,,
700183,SXM,2013,1102.20800,,
700183,TGO,2015,152390,,
700183,THA,2014,3943141,,
700183,THA,2015,3875504.64830,,
700183,TUR,2014,3843319,,
700183,TUR,2015,3948243.92200,,
700183,UGA,2012,4448586.60000,,
700183,URY,2013,219587,,
700183,VNM,2014,7055200,,
700183,VNM,2015,7387200,,
700185,AGO,2014,47661.50400,,
700185,ARM,2014,42306,,
700185,ARM,2015,34331.86938,,
700185,AUT,2014,120400,,
700185,AUT,2015,129400,,
700185,BEL,2014,145316,,
700185,BEL,2015,151238,,
700185,BGR,2014,119100,,
700185,BGR,2015,124900,,
700185,BIH,2015,31905.53100,,
700185,BMU,2010,894,,
700185,BOL,2011,160299,,
700185,BOL,2015,264795,,
700185,BRA,2013,3270652,,
700185,BRN,2014,9207.42993,,
700185,CAN,2015,595100,,
700185,CHE,2014,192051,,
700185,CHL,2013,257360,,
700185,CHL,2016,240234.52168,,
700185,CPV,2015,4879,,
700185,CRI,2015,64102.45000,,
700185,CYM,2016,707,,
700185,CYP,2014,10130,,
700185,CYP,2015,10007,,
700185,CZE,2014,158726,,
700185,CZE,2015,183284.15000,,
700185,DEU,2014,1443800,,
700185,DEU,2015,1472600,,
700185,DNK,2013,50853,,
700185,DNK,2014,51277.71000,,
700185,DOM,2013,64911,,
700185,ECU,2013,42046,,
700185,ECU,2015,275209.20000,,
700185,ESP,2014,522995,,
700185,ESP,2015,549614.59000,,
700185,EST,2014,24369,,
700185,EST,2015,27087,,
700185,FIN,2014,133800,,
700185,FIN,2015,140562,,
700185,FRA,2014,733710,,
700185,FRA,2015,721764,,
700185,GHA,2014,375439,,
700185,GRC,2015,119600,,
700185,HND,2010,82092,,
700185,HND,2015,104658,,
700185,HRV,2015,62233,,
700185,HUN,2014,130536,,
700185,HUN,2015,135048,,
700185,ISL,2015,7500,,
700185,ISR,2014,122253,,
700185,ITA,2014,848532,,
700185,ITA,2015,846825,,
700185,KOR,2014,1555000,,
700185,KOR,2015,1590000,,
700185,LKA,2015,395937.34354,,
700185,LTU,2014,46075,,
700185,LTU,2015,51730,,
700185,LUX,2014,11939,,
700185,LUX,2015,9814,,
700185,LVA,2014,44700,,
700185,LVA,2015,42700,,
700185,MAC,2014,,SUPP,
700185,MAC,2015,,SUPP,
700185,MDA,2014,40177,,
700185,MDA,2015,44827,,
700185,MDV,2014,10828,,
700185,MEX,2014,1783854,,
700185,MEX,2015,1903377,,
700185,MKD,2014,30035,,
700185,MKD,2015,27783,,
700185,MLI,2014,71243.44961,,
700185,MLI,2015,219031.04687,,
700185,MLT,2014,9198,,
700185,MLT,2015,6868,,
700185,MNG,2014,30787,,
700185,MNG,2015,57275,,
700185,MOZ,2014,106953.31633,,
700185,MYS,2014,298500,,
700185,MYS,2015,354200,,
700185,NIC,2009,47598,,
700185,NLD,2014,286000,,
700185,NLD,2015,286000,,
700185,PAK,2014,2184046,,
700185,PAK,2015,2466130,,
700185,PAN,2013,64029,,
700185,PAN,2016,60032,,
700185,PER,2013,468113,,
700185,PHL,2014,654548,,
700185,PHL,2015,645730,,
700185,PRI,2014,23213,,
700185,PRI,2015,24916.10000,,
700185,PRT,2014,167916.47634,,
700185,PRT,2015,166390.20024,,
700185,PRY,2010,100809,,
700185,PSE,2014,6800,,
700185,PSE,2015,6500,,
700185,ROU,2014,309193,,
700185,ROU,2015,291151,,
700185,RUS,2014,3614341,,
700185,SLV,2013,13631,,
700185,SRB,2014,101863.03909,,
700185,SRB,2015,99481.34780,,
700185,SVK,2014,88500,,
700185,SVK,2015,83600,,
700185,SVN,2014,41441,,
700185,SVN,2015,42670,,
700185,SVN,2016,44476,,
700185,SWE,2014,160200,,
700185,SWE,2015,159385,,
700185,SXM,2013,442.78340,,
700185,SYC,2012,0,NA,
700185,TGO,2015,104279,,
700185,THA,2014,1170264,,
700185,THA,2015,1186852.43800,,
700185,TUR,2014,991556,,
700185,TUR,2015,1000439.13100,,
700185,UGA,2012,149439.94000,,
700185,URY,2013,18222,,
700185,VNM,2014,2087100,,
700185,VNM,2015,1983600,,
700185,ZAF,2014,348387.82791,,
700186,AGO,2014,3331896.80000,,
700186,ARM,2014,924688,,
700186,ARM,2015,864289.66754,,
700186,AUT,2014,3405700,,
700186,AUT,2015,3438300,,
700186,BEL,2014,4045888,,
700186,BEL,2015,4040433,,
700186,BGR,2014,2655700,,
700186,BGR,2015,2705300,,
700186,BIH,2015,718937.67500,,
700186,BMU,2010,30859,,
700186,BOL,2011,3499745,,
700186,BOL,2015,3425925,,
700186,BRA,2013,73031318,,
700186,BRN,2014,157371.08821,,
700186,CAN,2015,14173600,,
700186,CHE,2014,3601583,,
700186,CHL,2013,5806237,,
700186,CHL,2016,6568465.05254,,
700186,CPV,2015,160082,,
700186,CRI,2015,1620277.55000,,
700186,CYM,2016,35853,,
700186,CYP,2014,317966,,
700186,CYP,2015,314968,,
700186,CZE,2014,4425129,,
700186,CZE,2015,4447278.85000,,
700186,DEU,2014,33625400,,
700186,DEU,2015,33965000,,
700186,DNK,2013,1974567,,
700186,DNK,2014,1996847.29000,,
700186,DOM,2013,3063897,,
700186,ECU,2013,5127545,,
700186,ECU,2015,5305612,,
700186,ESP,2014,15938993,,
700186,ESP,2015,16365190,,
700186,EST,2014,509980,,
700186,EST,2015,536714,,
700186,FIN,2014,1990200,,
700186,FIN,2015,1974711,,
700186,FRA,2014,23290564,,
700186,FRA,2015,23307495,,
700186,GHA,2014,8321750,,
700186,GRC,2015,3288300,,
700186,HND,2010,1969666,,
700186,HND,2015,2252795,,
700186,HRV,2015,1404433,,
700186,HUN,2014,3675473,,
700186,HUN,2015,3758931,,
700186,ISL,2015,137100,,
700186,ISR,2014,2727580,,
700186,ITA,2014,20031532,,
700186,ITA,2015,20198062,,
700186,KOR,2014,20501000,,
700186,KOR,2015,20580000,,
700186,LKA,2015,6217898.08093,,
700186,LTU,2014,1135327,,
700186,LTU,2015,1144260,,
700186,LUX,2014,205662,,
700186,LUX,2015,211827,,
700186,LVA,2014,744900,,
700186,LVA,2015,755800,,
700186,MAC,2014,,SUPP,
700186,MAC,2015,,SUPP,
700186,MDA,2014,1018534,,
700186,MDA,2015,1010285,,
700186,MDV,2014,100722,,
700186,MEX,2014,36329281,,
700186,MEX,2015,37220900,,
700186,MKD,2014,610883,,
700186,MKD,2015,620690,,
700186,MLI,2014,3488643.74993,,
700186,MLI,2015,4061011.52511,,
700186,MLT,2014,143794,,
700186,MLT,2015,151235,,
700186,MNG,2014,953139,,
700186,MNG,2015,973168,,
700186,MOZ,2014,6575386.47973,,
700186,MYS,2014,11117500,,
700186,MYS,2015,11419800,,
700186,NIC,2009,1513640,,
700186,NLD,2014,6541000,,
700186,NLD,2015,6585000,,
700186,PAK,2014,31628318,,
700186,PAK,2015,32806511,,
700186,PAN,2013,1247084,,
700186,PAN,2016,1339838,,
700186,PER,2013,11378186,,
700186,PHL,2014,28960021,,
700186,PHL,2015,29292296,,
700186,PRI,2014,879670,,
700186,PRI,2015,867027.90000,,
700186,PRT,2014,3840033.93182,,
700186,PRT,2015,3891194.53156,,
700186,PRY,2010,1933713,,
700186,PSE,2014,719900,,
700186,PSE,2015,749100,,
700186,ROU,2014,7436958,,
700186,ROU,2015,7407585,,
700186,RUS,2014,61075465,,
700186,SLV,2013,1950274,,
700186,SRB,2014,2208670.17050,,
700186,SRB,2015,2241770.30125,,
700186,SVK,2014,2112200,,
700186,SVK,2015,2167700,,
700186,SVN,2014,730734,,
700186,SVN,2015,731068,,
700186,SVN,2016,745746,,
700186,SWE,2014,3922500,,
700186,SWE,2015,3980615,,
700186,SXM,2013,16753.38000,,
700186,SYC,2012,0,NA,
700186,TGO,2015,1111557,,
700186,THA,2014,31453880,,
700186,THA,2015,31388542.77920,,
700186,TUR,2014,20337073,,
700186,TUR,2015,20850993.54000,,
700186,UGA,2012,8666897.90000,,
700186,URY,2013,1296591,,
700186,VNM,2014,41403100,,
